{"cameraMode":{"drawMode":0,"name":"Shaded","section":"Shading Mode"},"sceneLighting":true,"audioPlay":false,"sceneViewState":{"m_AlwaysRefresh":false,"showFog":true,"showSkybox":true,"showFlares":true,"showImageEffects":true,"showParticleSystems":true,"showVisualEffectGraphs":true,"m_FxEnabled":true},"in2DMode":false,"pivot":{"x":17.91067123413086,"y":-0.29807424545288088,"z":33.235206604003909},"rotation":{"x":0.12325966358184815,"y":-0.5834396481513977,"z":0.09015259146690369,"w":0.7976774573326111},"size":5.459922790527344,"orthographic":false}