{"cameraMode":{"drawMode":0,"name":"Shaded","section":"Shading Mode"},"sceneLighting":true,"audioPlay":false,"sceneViewState":{"m_AlwaysRefresh":false,"showFog":true,"showSkybox":true,"showFlares":true,"showImageEffects":true,"showParticleSystems":true,"showVisualEffectGraphs":true,"m_FxEnabled":true},"in2DMode":false,"pivot":{"x":19.66122817993164,"y":1.0778270959854127,"z":15.336164474487305},"rotation":{"x":0.1107620820403099,"y":-0.013121573254466057,"z":0.001462991931475699,"w":0.9937564134597778},"size":0.8139402866363525,"orthographic":false}